{"modelling":{"id":"594cf8a0fd13dc0646b9f4ece943620cf61c22df","trg_seq":"MDTPLNQQEGSDENTAAMYAMHLTSLSVLPMTLKAATELDVFEIIARAGPGAYLSSGEIAAQLPTNNPNAPAMLDRMLRLLASHSVLSCSLATLDDGRVERRYGLAPVCKFLVKNEDGVSMAALGLMNHDKVLMESWYHLKDAVLEGGIPFNKAYGMTAFEYHGTDPRFNKVFNRGMSDHSALVMKKILETYNGFGSIGSLVDVGGGVGVATNLIVSQYPHIKAINFDLEHVIDVAPAYPGVQQVGGDMFESVPSADAIFMKWILHDWSDEHCLKLLKNCYKALPESGKVVIAEMLLSDAPKPTLEASSVFHVDMIMLAHNPGGKERTRREYENLAKAAGFSQLKAVCSAYNVWVMELYK","tpl_seq":"------------DEEANLFAMQLASASVLPMVLKAAIELDLLEIMAKAGPGSFLSPSDLASQLPTKNPEAPVMLDRMLRLLASYSILTCSLRTLPDGKVERLYCLGPVCKFLTKNEDGVSIAALCLMNQDKVLVESWYHLKDAVLDGGIPFNKAYGMTAFDYHGTDPRFNKVFNKGMADHSTITMKKILETYKGFEGLKSIVDVGGGTGAVVNMIVSKYPSIKGINFDLPHVIEDAPQYPGVQHVGGDMFVSVPKGNAIFMKWICHDWSDEHCIKFLKNCYAALPDDGKVILAECILPVAPDTSLATKGVVHMDVIMLAHNPGGKERTEQEFEALAKGSGFQGIRVCCDAFNTYVIEFLK","pdb_id":"6i71","chain":"A","method":"X-RAY DIFFRACTION","short_method":"X-ray","coverage":0.9666666388511658,"resolution":1.399999976158142,"description":"O-methyltransferase","seq_sim":0.5151342153549194,"assembly_id":1,"score":1.8691246509552002,"pred_lddt":0.8740596175193787,"seq_id":68.39080810546875,"found_by":"HHblits","oligo_state":"homo-dimer","comment":"e_value=1.5e-49, p_value=9.7e-54, score=373.7, ss_score=37.7, prob=100, gmqe_dist_const=0.9038620591163635, gmqe_reduced=0.09807256609201431, gmqe_cb_packing=-0.06547036021947861, gmqe_torsion=-0.26061177253723145, gmqe_ss_agreement=0.6319828033447266, gmqe_coverage=0.9666666388511658, gmqe_seq_id=68.39080810546875, gmqe_seq_sim=0.5151340961456299, gmqe_n_insertions=0, gmqe_n_deletions=0, gmqe_seqres_length=360, gmqe_seqres_coverage=0.9666666666666667, gmqe_profile_aln_score=373.7, gmqe_avg_entropy=2.250333547592163","offset":12,"starttime":"13-07-22 (17:38:38)","QMean":{"global_scores":{"qmean4_norm_score":0.7552126252800638,"qmean4_z_score":-0.23901484540105172,"qmean6_norm_score":0.7525176842416047,"qmean6_z_score":-0.3839822770004294,"interaction_norm_score":-0.020612373490971603,"interaction_z_score":-0.009775298981566725,"cbeta_norm_score":-0.012032355992335203,"cbeta_z_score":0.17525049453618788,"packing_norm_score":-0.3811598564103385,"packing_z_score":0.5031068756791672,"torsion_norm_score":-0.268329112205741,"torsion_z_score":-0.41994329052693796,"ss_agreement_norm_score":0.6231488765420756,"ss_agreement_z_score":0.14739956942763602,"acc_agreement_norm_score":0.6666666666666666,"acc_agreement_z_score":-0.4749384768660127,"avg_local_score":0.8144483545618224,"avg_local_score_error":0.053},"local_scores":{"A":[null,null,null,null,null,null,null,null,null,null,null,null,0.4675519142910848,0.5119410542703897,0.7514246621131818,0.7644444286998144,0.6641133164545521,0.6484929357190377,0.6517710443483145,0.6298022199432015,0.5662676056074303,0.6477810944819811,0.6077403437108848,0.5970453225897514,0.6862517228763065,0.6982626480816052,0.7910654663721023,0.7451068841584548,0.8147401862742364,0.8517642138558665,0.7795206069901142,0.8232638375123599,0.8546190433073007,0.8198209008418579,0.8704911480897204,0.8954727736656232,0.8544597544255542,0.8324636442851447,0.8851718210532754,0.8611521318429156,0.8887294185458745,0.8663369778876567,0.82329601677883,0.8373498220885504,0.8251562141131352,0.8309142527601379,0.7388000732511671,0.7909120199387452,0.7153947508067932,0.6857836192657849,0.7718137968290435,0.8443238739995053,0.839178043113064,0.8525921319700765,0.8503890878838243,0.8533470751254744,0.8646575937005933,0.809518162448031,0.8511741121669538,0.8597597302893418,0.8556804411024459,0.7849107170826769,0.8397324144528435,0.7920823024436433,0.764002694127057,0.6959976304284416,0.7298120510099284,0.750358454308659,0.7719544293456968,0.8494987567866462,0.8570586408725002,0.8351109199171551,0.7893278642454422,0.8524952050618263,0.833831332827001,0.7367848239688045,0.8290225709134413,0.8702618399052191,0.7792805659435288,0.8593880713502067,0.8484553906966568,0.8862153357016869,0.8502998341435233,0.8021420333699872,0.8387802270971693,0.8347673776651889,0.8234974574172416,0.8276805210264602,0.8499669655864093,0.8331029038208075,0.804387612960687,0.7175116993665251,0.7371078495875101,0.6986002533724648,0.7149268920714744,0.6660505467932611,0.7350109635902549,0.621748345674326,0.7266696392767753,0.6961701054049231,0.7623080496261221,0.7917780828412995,0.8507221135526446,0.8512313538798784,0.8271634286210567,0.846613531804779,0.8222658284952022,0.8304447513365124,0.8067788077891934,0.7380521745064358,0.8121012664145677,0.8343818435504496,0.8324067406382981,0.7781079310415846,0.7455680034837493,0.6956961188774704,0.7474027266184,0.7977713846723032,0.7958976981755358,0.8182657922609428,0.8031572772701611,0.8592173459214872,0.8580607379523828,0.8152339364506366,0.8411520211448057,0.8332810994132889,0.8088727657085273,0.815557634033611,0.8007017283805731,0.8317436056003359,0.7952525401849954,0.8441132197360961,0.8460139053836988,0.8217567577527098,0.8248212711349053,0.8563374328884108,0.8041394581063204,0.8118691611697004,0.8128804230594744,0.8040837079754628,0.7461665917221911,0.8512314045674426,0.8614451998847599,0.7831357416472995,0.7875829934044608,0.8155480496406333,0.8407228415188629,0.8663286183089643,0.8361471749691357,0.8697350658341348,0.8909061238586053,0.8709248741328083,0.8616285273368254,0.9087356726266164,0.8897394752019983,0.8770128918879689,0.8332598820435325,0.8437955354511074,0.8637003499667018,0.7816587274133731,0.7687575923827914,0.8634802457060502,0.787006611302849,0.8348827464605761,0.8409681336475848,0.8532333691153464,0.8374985267175529,0.7589653971281158,0.8528538931354824,0.8120685975566182,0.7813588857355986,0.8601436666552706,0.8210277507793374,0.7841895251822313,0.759310151038644,0.8388921753414023,0.7840634107567166,0.8136158098054079,0.8118645273787497,0.7780615607040231,0.8266977240231617,0.8602439792500103,0.8208177924279034,0.839199025422164,0.832372930492251,0.8159231874886156,0.7951578123528438,0.815190122318278,0.8324061424988017,0.7761073120943585,0.7586252225286931,0.8137162649307615,0.7913238193493063,0.8415349950835107,0.832523616790832,0.7937420569778023,0.7481588164547605,0.8148183445356216,0.8592150378378108,0.8817534362315279,0.9147864869337216,0.9323626292182156,0.9191730929731674,0.9288580366331302,0.9156054430056617,0.9099808701486574,0.8817738286960543,0.8544968807400418,0.8940726657511614,0.847655301486899,0.8951767667477416,0.8891085841863587,0.8388303561173593,0.851816613449915,0.8609793298112269,0.8369441681451347,0.8294830693339391,0.7974734025117155,0.8062484420351105,0.7736837923320349,0.7287011283479297,0.8222082902103188,0.8162332835336032,0.9056222578241242,0.8789931907516231,0.8857595447650892,0.8831083239225307,0.8769752088477215,0.8328097848095444,0.7528959600049915,0.7064747869569162,0.8048517808647285,0.8171992244723759,0.7828865976962339,0.7656228495027741,0.8598905635967822,0.8156473267562842,0.7888993157795111,0.7534219392239685,0.7173153879246196,0.8093454067638818,0.8286069290970387,0.7862637437935095,0.8078332637210222,0.8675308080903751,0.8577582543186779,0.8586032565393688,0.8383280032594258,0.8486905113626977,0.8399851653257354,0.8018680910810059,0.8255243729944812,0.851550771632886,0.8949146165635482,0.9041217697787838,0.9300280303322849,0.8956148602949165,0.9402869383315229,0.9284767791709588,0.9136047523460565,0.8970867134129741,0.8672795104841012,0.8356695593718044,0.8836526115178096,0.8894053688988585,0.8689951986399285,0.8664490010987561,0.8268015329714294,0.8594743301178337,0.8569221299292331,0.8227785179173298,0.8326792267595314,0.8731522875023565,0.8554016989440376,0.8324850626525521,0.8733942110824434,0.8910856989138488,0.8402363850186195,0.8647655064783311,0.903007120878756,0.8746600883194307,0.8390760024096878,0.913033580816502,0.8907980954327366,0.8683639615734654,0.7831725458149106,0.8171990490504961,0.8969091241339635,0.8660451479622889,0.9232484856522746,0.9182572616272108,0.8927335243491334,0.9018156576866617,0.8548370679399648,0.8618798480709338,0.8725429202729367,0.8278854012950289,0.7745625892061113,